Stage;Date;Winner;Winner_Country
1;2019;Mike Teunissen;NED
2;2019;Team Jumbo-Visma;
3;2019;Julian Alaphilippe;FRA
4;2019;Elia Viviani;ITA
5;2019;Peter Sagan;SVK
6;2019;Dylan Teuns ;BEL
7;2019;Dylan Groenewegen ;NED
8;2019;Thomas De Gendt ;BEL
9;2019;Daryl Impey ;RSA
10;2019;Wout Van Aert ;BEL
11;2019;Caleb Ewan ;AUS
12;2019;Simon Yates ;GBR
13;2019;Julian Alaphilippe ;FRA
14;2019;Thibaut Pinot ;FRA
15;2019;Simon Yates ;GBR
16;2019;Caleb Ewan ;AUS
17;2019;Matteo Trentin ;ITA
18;2019;Nairo Quintana ;COL
19;2019;Egan Bernal ;COL
20;2019;Vincenzo Nibali ;ITA
21;2019;Caleb Ewan ;AUS
1;2018;Fernando Gaviria ;COL
2;2018;Peter Sagan ;SVK
3;2018;BMC Racing Team ;
4;2018;Fernando Gaviria ;COL
5;2018;Peter Sagan ;SVK
6;2018;Dan Martin ;IRL
7;2018;Dylan Groenewegen ;NED
8;2018;Dylan Groenewegen ;NED
9;2018;John Degenkolb ;GER
10;2018;Julian Alaphilippe ;FRA
11;2018;Geraint Thomas ;GBR
12;2018;Geraint Thomas ;GBR
13;2018;Peter Sagan ;SVK
14;2018;Omar Fraile ;ESP
15;2018;Magnus Cort ;DEN
16;2018;Julian Alaphilippe ;FRA
17;2018;Nairo Quintana ;COL
18;2018;Arnaud Démare ;FRA
19;2018;Primož Rogli? ;SLO
20;2018;Tom Dumoulin ;NED
21;2018;Alexander Kristoff ;NOR
1;2017;Geraint Thomas;GBR
2;2017;Marcel Kittel;GER
3;2017;Peter Sagan;SVK
4;2017;Arnaud Démare;FRA
5;2017;Fabio Aru;ITA
6;2017;Marcel Kittel;GER
7;2017;Marcel Kittel;GER
8;2017;Lilian Calmejane;FRA
9;2017;Rigoberto Urán;COL
10;2017;Marcel Kittel;GER
11;2017;Marcel Kittel;GER
12;2017;Romain Bardet;FRA
13;2017;Warren Barguil;FRA
14;2017;Michael Matthews;AUS
15;2017;Bauke Mollema;NED
16;2017;Michael Matthews;AUS
17;2017;Primož Rogli?;SLO
18;2017;Warren Barguil;FRA
19;2017;Edvald Boasson Hagen;NOR
20;2017;Maciej Bodnar;POL
21;2017;Dylan Groenewegen;NED
1;2016;Mark Cavendish;GBR
2;2016;Peter Sagan;SVK
3;2016;Mark Cavendish;GBR
4;2016;Marcel Kittel;GER
5;2016;Greg Van Avermaet;BEL
6;2016;Mark Cavendish;GBR
7;2016;Steve Cummings;GBR
8;2016;Chris Froome;GBR
9;2016;Tom Dumoulin;NED
10;2016;Michael Matthews;AUS
11;2016;Peter Sagan;SVK
12;2016;Thomas De Gendt;BEL
13;2016;Tom Dumoulin;NED
14;2016;Mark Cavendish;GBR
15;2016;Jarlinson Pantano;COL
16;2016;Peter Sagan;SVK
17;2016;Ilnur Zakarin;RUS
18;2016;Chris Froome;GBR
19;2016;Romain Bardet;FRA
20;2016;Ion Izagirre;ESP
21;2016;André Greipel;GER
1;2015;Rohan Dennis;AUS
2;2015;André Greipel;GER
3;2015;Joaquim Rodríguez;ESP
4;2015;Tony Martin;GER
5;2015;André Greipel;GER
6;2015;Zden?k Štybar;CZE
7;2015;Mark Cavendish;GBR
8;2015;Alexis Vuillermoz;FRA
9;2015;BMC Racing Team;
10;2015;Chris Froome;GBR
11;2015;Rafa? Majka;POL
12;2015;Joaquim Rodríguez;ESP
13;2015;Greg Van Avermaet;BEL
14;2015;Steve Cummings;GBR
15;2015;André Greipel;GER
16;2015;Rubén Plaza Molina;ESP
17;2015;Simon Geschke;GER
18;2015;Romain Bardet;FRA
19;2015;Vincenzo Nibali;ITA
20;2015;Thibaut Pinot;FRA
21;2015;André Greipel;GER
1;2014;Marcel Kittel;GER
2;2014;Vincenzo Nibali;ITA
3;2014;Marcel Kittel;GER
4;2014;Marcel Kittel;GER
5;2014;Lars Boom;NED
6;2014;André Greipel;GER
7;2014;Matteo Trentin;ITA
8;2014;Blel Kadri;FRA
9;2014;Tony Martin;GER
10;2014;Vincenzo Nibali;ITA
11;2014;Tony Gallopin;FRA
12;2014;Alexander Kristoff;NOR
13;2014;Vincenzo Nibali;ITA
14;2014;Rafa? Majka;POL
15;2014;Alexander Kristoff;NOR
16;2014;Michael Rogers;AUS
17;2014;Rafa? Majka;POL
18;2014;Vincenzo Nibali;ITA
19;2014;Ram?nas Navardauskas;LTU
20;2014;Tony Martin;GER
21;2014;Marcel Kittel;GER
1;2013;Marcel Kittel;GER
2;2013;Jan Bakelants;BEL
3;2013;Simon Gerrans;AUS
4;2013;Orica–GreenEDGE;
5;2013;Mark Cavendish;GBR
6;2013;André Greipel;GER
7;2013;Peter Sagan;SVK
8;2013;Chris Froome;GBR
9;2013;Dan Martin;IRL
10;2013;Marcel Kittel;GER
11;2013;Tony Martin;GER
12;2013;Marcel Kittel;GER
13;2013;Mark Cavendish;GBR
14;2013;Matteo Trentin;ITA
15;2013;Chris Froome;GBR
16;2013;Rui Costa;POR
17;2013;Chris Froome;GBR
18;2013;Christophe Riblon;FRA
19;2013;Rui Costa;POR
20;2013;Nairo Quintana;COL
21;2013;Marcel Kittel;GER
P;2012;Fabian Cancellara;SUI
1;2012;Peter Sagan;SVK
2;2012;Mark Cavendish;GBR
3;2012;Peter Sagan;SVK
4;2012;André Greipel;GER
5;2012;André Greipel;GER
6;2012;Peter Sagan;SVK
7;2012;Chris Froome;GBR
8;2012;Thibaut Pinot;FRA
9;2012;Bradley Wiggins;GBR
10;2012;Thomas Voeckler;FRA
11;2012;Pierre Rolland;FRA
12;2012;David Millar;GBR
13;2012;André Greipel;GER
14;2012;Luis León Sánchez;ESP
15;2012;Pierrick Fédrigo;FRA
16;2012;Thomas Voeckler;FRA
17;2012;Alejandro Valverde;ESP
18;2012;Mark Cavendish;GBR
19;2012;Bradley Wiggins;GBR
20;2012;Mark Cavendish;GBR
1;2011;Philippe Gilbert;BEL
2;2011;Garmin–Cervélo;
3;2011;Tyler Farrar;USA
4;2011;Cadel Evans;AUS
5;2011;Mark Cavendish;GBR
6;2011;Edvald Boasson Hagen;NOR
7;2011;Mark Cavendish;GBR
8;2011;Rui Costa;POR
9;2011;Luis León Sánchez;ESP
10;2011;André Greipel;GER
11;2011;Mark Cavendish;GBR
12;2011;Samuel Sánchez;ESP
13;2011;Thor Hushovd;NOR
14;2011;Jelle Vanendert;BEL
15;2011;Mark Cavendish;GBR
16;2011;Thor Hushovd;NOR
17;2011;Edvald Boasson Hagen;NOR
18;2011;Andy Schleck;LUX
19;2011;Pierre Rolland;FRA
20;2011;Tony Martin;GER
21;2011;Mark Cavendish;GBR
P;2010;Fabian Cancellara;SUI
1;2010;Alessandro Petacchi;ITA
2;2010;Sylvain Chavanel;FRA
3;2010;Thor Hushovd;NOR
4;2010;Alessandro Petacchi;ITA
5;2010;Mark Cavendish;GBR
6;2010;Mark Cavendish;GBR
7;2010;Sylvain Chavanel;FRA
8;2010;Andy Schleck;LUX
9;2010;Sandy Casar;FRA
10;2010;Sérgio Paulinho;POR
11;2010;Mark Cavendish;GBR
12;2010;Joaquim Rodríguez;ESP
13;2010;Alexander Vinokourov;KAZ
14;2010;Christophe Riblon;FRA
15;2010;Thomas Voeckler;FRA
16;2010;Pierrick Fédrigo;FRA
17;2010;Andy Schleck;LUX
18;2010;Mark Cavendish;GBR
19;2010;Fabian Cancellara;SUI
20;2010;Mark Cavendish;GBR
1;2009;Fabian Cancellara;SUI
2;2009;Mark Cavendish;GBR
3;2009;Mark Cavendish;GBR
4;2009;Astana;
5;2009;Thomas Voeckler;FRA
6;2009;Thor Hushovd;NOR
7;2009;Brice Feillu;FRA
8;2009;Luis León Sánchez;ESP
9;2009;Pierrick Fédrigo;FRA
10;2009;Mark Cavendish;GBR
11;2009;Mark Cavendish;GBR
12;2009;Nicki Sørensen;DEN
13;2009;Heinrich Haussler;GER
14;2009;Sergei Ivanov;RUS
15;2009;Alberto Contador;ESP
16;2009;Sandy Casar;FRA
17;2009;Fränk Schleck;LUX
18;2009;Alberto Contador;ESP
19;2009;Mark Cavendish;GBR
20;2009;Juan Manuel Gárate;ESP
21;2009;Mark Cavendish;GBR
1;2008;Alejandro Valverde;ESP
2;2008;Thor Hushovd;NOR
3;2008;Samuel Dumoulin;FRA
4;2008;Kim Kirchen;LUX
5;2008;Mark Cavendish;GBR
6;2008;Alejandro Valverde;ESP
7;2008;Luis León Sánchez;ESP
8;2008;Mark Cavendish;GBR
9;2008;Vladimir Efimkin;RUS
10;2008;Juan José Cobo;ESP
11;2008;Kurt Asle Arvesen;NOR
12;2008;Mark Cavendish;GBR
13;2008;Mark Cavendish;GBR
14;2008;Óscar Freire;ESP
15;2008;Simon Gerrans;AUS
16;2008;Cyril Dessel;FRA
17;2008;Carlos Sastre;ESP
18;2008;Marcus Burghardt;GER
19;2008;Sylvain Chavanel;FRA
20;2008;Fabian Cancellara;SUI
21;2008;Gert Steegmans;BEL
P;2007;Fabian Cancellara;SUI
1;2007;Robbie McEwen;AUS
2;2007;Gert Steegmans;BEL
3;2007;Fabian Cancellara;SUI
4;2007;Thor Hushovd;NOR
5;2007;Filippo Pozzato;ITA
6;2007;Tom Boonen;BEL
7;2007;Linus Gerdemann;GER
8;2007;Michael Rasmussen;DEN
9;2007;Mauricio Soler;COL
10;2007;Cédric Vasseur;FRA
11;2007;Robert Hunter;RSA
12;2007;Tom Boonen;BEL
13;2007;Cadel Evans[n 1];AUS
14;2007;Alberto Contador;ESP
15;2007;Kim Kirchen[n 1];LUX
16;2007;Michael Rasmussen;DEN
17;2007;Daniele Bennati;ITA
18;2007;Sandy Casar;FRA
19;2007;Levi Leipheimer;USA
20;2007;Daniele Bennati;ITA
P;2006;Thor Hushovd;NOR
1;2006;Jimmy Casper;FRA
2;2006;Robbie McEwen;AUS
3;2006;Matthias Kessler;GER
4;2006;Robbie McEwen;AUS
5;2006;Óscar Freire;ESP
6;2006;Robbie McEwen;AUS
7;2006;Serhiy Honchar;UKR
8;2006;Sylvain Calzati;FRA
9;2006;Óscar Freire;ESP
10;2006;Juan Miguel Mercado;ESP
11;2006;Denis Menchov;RUS
12;2006;Yaroslav Popovych;UKR
13;2006;Jens Voigt;GER
14;2006;Pierrick Fédrigo;FRA
15;2006;Fränk Schleck;LUX
16;2006;Michael Rasmussen;DEN
17;2006;Carlos Sastre;ESP
18;2006;Matteo Tosatto;ITA
19;2006;Serhiy Honchar;UKR
20;2006;Thor Hushovd;NOR
1;2005;David Zabriskie;USA
2;2005;Tom Boonen;BEL
3;2005;Tom Boonen;BEL
4;2005;Discovery Channel;
5;2005;Robbie McEwen;AUS
6;2005;Lorenzo Bernucci;ITA
7;2005;Robbie McEwen;AUS
8;2005;Pieter Weening;NED
9;2005;Michael Rasmussen;DEN
10;2005;Alejandro Valverde;ESP
11;2005;Alexander Vinokourov;KAZ
12;2005;David Moncoutié;FRA
13;2005;Robbie McEwen;AUS
14;2005;Georg Totschnig;AUT
15;2005;George Hincapie;USA
16;2005;Óscar Pereiro;ESP
17;2005;Paolo Savoldelli;ITA
18;2005;Marcos Antonio Serrano;ESP
19;2005;Giuseppe Guerini;ITA
20;2005;Lance Armstrong[n 1];USA
21;2005;Alexander Vinokourov;KAZ
P;2004;Fabian Cancellara;SUI
1;2004;Jaan Kirsipuu;EST
2;2004;Robbie McEwen;AUS
3;2004;Jean-Patrick Nazon;FRA
4;2004;U.S. Postal Service;USA
5;2004;Stuart O'Grady;AUS
6;2004;Tom Boonen;BEL
7;2004;Filippo Pozzato;ITA
8;2004;Thor Hushovd;NOR
9;2004;Robbie McEwen;AUS
10;2004;Richard Virenque;FRA
11;2004;David Moncoutié;FRA
12;2004;Ivan Basso;ITA
13;2004;Lance Armstrong[n 1];USA
14;2004;Aitor González;ESP
15;2004;Lance Armstrong[n 1];USA
16;2004;Lance Armstrong[n 1];USA
17;2004;Lance Armstrong[n 1];USA
18;2004;Juan Miguel Mercado;ESP
19;2004;Lance Armstrong[n 1];USA
20;2004;Tom Boonen;BEL
P;2003;Bradley McGee;AUS
1;2003;Alessandro Petacchi;ITA
2;2003;Baden Cooke;AUS
3;2003;Alessandro Petacchi;ITA
4;2003;U.S. Postal Service;USA
5;2003;Alessandro Petacchi;ITA
6;2003;Alessandro Petacchi;ITA
7;2003;Richard Virenque;FRA
8;2003;Iban Mayo;ESP
9;2003;Alexander Vinokourov;KAZ
10;2003;Jakob Piil;DEN
11;2003;Juan Antonio Flecha;ESP
12;2003;Jan Ullrich;GER
13;2003;Carlos Sastre;ESP
14;2003;Gilberto Simoni;ITA
15;2003;Lance Armstrong[n 1];USA
16;2003;Tyler Hamilton;USA
17;2003;Servais Knaven;NED
18;2003;Pablo Lastras;ESP
19;2003;David Millar;GBR
20;2003;Jean-Patrick Nazon;FRA
P;2002;Lance Armstrong[n 1];USA
1;2002;Rubens Bertogliati;SUI
2;2002;Óscar Freire;ESP
3;2002;Robbie McEwen;AUS
4;2002;ONCE–Eroski;
5;2002;Jaan Kirsipuu;EST
6;2002;Erik Zabel;GER
7;2002;Bradley McGee;AUS
8;2002;Karsten Kroon;NED
9;2002;Santiago Botero;COL
10;2002;Patrice Halgand;FRA
11;2002;Lance Armstrong[n 1];USA
12;2002;Lance Armstrong[n 1];USA
13;2002;David Millar;GBR
14;2002;Richard Virenque;FRA
15;2002;Santiago Botero;COL
16;2002;Michael Boogerd;NED
17;2002;Dario Frigo;ITA
18;2002;Thor Hushovd;NOR
19;2002;Lance Armstrong[n 1];USA
20;2002;Robbie McEwen;AUS
P;2001;Christophe Moreau;FRA
1;2001;Erik Zabel;GER
2;2001;Marc Wauters;BEL
3;2001;Erik Zabel;GER
4;2001;Laurent Jalabert;FRA
5;2001;Crédit Agricole;
6;2001;Jaan Kirsipuu;EST
7;2001;Laurent Jalabert;FRA
8;2001;Erik Dekker;NED
9;2001;Serguei Ivanov;RUS
10;2001;Lance Armstrong[n 1];USA
11;2001;Lance Armstrong[n 1];USA
12;2001;Félix Cárdenas;COL
13;2001;Lance Armstrong[n 1];USA
14;2001;Roberto Laiseka;ESP
15;2001;Rik Verbrugghe;BEL
16;2001;Jens Voigt;GER
17;2001;Serge Baguet;BEL
18;2001;Lance Armstrong[n 1];USA
19;2001;Erik Zabel;GER
20;2001;Ján Svorada;CZE
1;2000;David Millar;GBR
2;2000;Tom Steels;BEL
3;2000;Tom Steels;BEL
4;2000;ONCE–Deutsche Bank;
5;2000;Marcel Wüst;GER
6;2000;Leon van Bon;NED
7;2000;Christophe Agnolutto;FRA
8;2000;Erik Dekker;NED
9;2000;Paolo Bettini;ITA
10;2000;Javier Otxoa;ESP
11;2000;Erik Dekker;NED
12;2000;Marco Pantani;ITA
13;2000;José Vicente Garcia;ESP
14;2000;Santiago Botero;COL
15;2000;Marco Pantani;ITA
16;2000;Richard Virenque;FRA
17;2000;Erik Dekker;NED
18;2000;Salvatore Commesso;ITA
19;2000;Lance Armstrong[n 1];USA
20;2000;Erik Zabel;GER
21;2000;Stefano Zanini;ITA
P;1999;Lance Armstrong[n 1];USA
1;1999;Jaan Kirsipuu;EST
2;1999;Tom Steels;BEL
3;1999;Tom Steels;BEL
4;1999;Mario Cipollini;ITA
5;1999;Mario Cipollini;ITA
6;1999;Mario Cipollini;ITA
7;1999;Mario Cipollini;ITA
8;1999;Lance Armstrong[n 1];USA
9;1999;Lance Armstrong[n 1];USA
10;1999;Giuseppe Guerini;ITA
11;1999;Ludo Dierckxsens;BEL
12;1999;David Etxebarria;ESP
13;1999;Salvatore Commesso;ITA
14;1999;Dmitri Konychev;RUS
15;1999;Fernando Escartín;ESP
16;1999;David Etxebarria;ESP
17;1999;Tom Steels;BEL
18;1999;Giampaolo Mondini;ITA
19;1999;Lance Armstrong[n 1];USA
20;1999;Robbie McEwen;AUS
P;1998;Chris Boardman;GBR
1;1998;Tom Steels;BEL
2;1998;Ján Svorada;CZE
3;1998;Jens Heppner;GER
4;1998;Jeroen Blijlevens;NED
5;1998;Mario Cipollini;ITA
6;1998;Mario Cipollini;ITA
7;1998;Jan Ullrich;GER
8;1998;Jacky Durand;FRA
9;1998;Leon van Bon;NED
10;1998;Rodolfo Massi;ITA
11;1998;Marco Pantani;ITA
12;1998;Tom Steels;BEL
13;1998;Daniele Nardello;ITA
14;1998;Stuart O'Grady;AUS
15;1998;Marco Pantani;ITA
16;1998;Jan Ullrich;GER
17;1998;—;
18;1998;Tom Steels;BEL
19;1998;Magnus Bäckstedt;SWE
20;1998;Jan Ullrich;GER
21;1998;Tom Steels;BEL
P;1997;Chris Boardman;GBR
1;1997;Mario Cipollini;ITA
2;1997;Mario Cipollini;ITA
3;1997;Erik Zabel;GER
4;1997;Nicola Minali;ITA
5;1997;Cédric Vasseur;FRA
6;1997;Jeroen Blijlevens;NED
7;1997;Erik Zabel;GER
8;1997;Erik Zabel;GER
9;1997;Laurent Brochard;FRA
10;1997;Jan Ullrich;GER
11;1997;Laurent Desbiens;FRA
12;1997;Jan Ullrich;GER
13;1997;Marco Pantani;ITA
14;1997;Richard Virenque;FRA
15;1997;Marco Pantani;ITA
16;1997;Christophe Mengin;FRA
17;1997;Neil Stephens;AUS
18;1997;Didier Rous;FRA
19;1997;Mario Traversoni;ITA
20;1997;Abraham Olano;ESP
21;1997;Nicola Minali;ITA
P;1996;Alex Zülle;SUI
1;1996;Frédéric Moncassin;FRA
2;1996;Mario Cipollini;ITA
3;1996;Erik Zabel;GER
4;1996;Cyril Saugrain;FRA
5;1996;Jeroen Blijlevens;NED
6;1996;Michael Boogerd;NED
7;1996;Luc Leblanc;FRA
8;1996;Evgueni Berzin;RUS
9;1996;Bjarne Riis;DEN
10;1996;Erik Zabel;GER
11;1996;José Jaime Gonzalez;COL
12;1996;Pascal Richard;SUI
13;1996;Rolf Sørensen;DEN
14;1996;Djamolidine Abduzhaparov;UZB
15;1996;Massimo Podenzana;ITA
16;1996;Bjarne Riis;DEN
17;1996;Laurent Dufaux;SUI
18;1996;Bart Voskamp;NED
19;1996;Frédéric Moncassin;FRA
20;1996;Jan Ullrich;GER
21;1996;Fabio Baldato;ITA
P;1995;Jacky Durand;FRA
1;1995;Fabio Baldato;ITA
2;1995;Mario Cipollini;ITA
3;1995;Gewiss–Ballan;
4;1995;Mario Cipollini;ITA
5;1995;Jeroen Blijlevens;NED
6;1995;Erik Zabel;GER
7;1995;Johan Bruyneel;BEL
8;1995;Miguel Indurain;ESP
9;1995;Alex Zülle;SUI
10;1995;Marco Pantani;ITA
11;1995;Maximilian Sciandri;GBR
12;1995;Laurent Jalabert;FRA
13;1995;Serhiy Utchakov;UKR
14;1995;Marco Pantani;ITA
15;1995;Richard Virenque;FRA
16;1995;Cancelled;
17;1995;Erik Zabel;GER
18;1995;Lance Armstrong;USA
19;1995;Miguel Indurain;ESP
20;1995;Djamolidine Abdoujaparov;UZB
P;1994;Chris Boardman;GBR
1;1994;Djamolidine Abdoujaparov;UZB
2;1994;Jean-Paul van Poppel;NED
3;1994;GB–MG Maglificio;
4;1994;Francisco Cabello;ESP
5;1994;Nicola Minali;ITA
6;1994;Gianluca Bortolami;ITA
7;1994;Ján Svorada;SVK
8;1994;Bo Hamburger;DEN
9;1994;Miguel Indurain;ESP
10;1994;Jacky Durand;FRA
11;1994;Luc Leblanc;FRA
12;1994;Richard Virenque;FRA
13;1994;Bjarne Riis;DEN
14;1994;Rolf Sørensen;DEN
15;1994;Eros Poli;ITA
16;1994;Roberto Conti;ITA
17;1994;Nelson Rodriguez;COL
18;1994;Piotr Ugrumov;LAT
19;1994;Piotr Ugrumov;LAT
20;1994;Djamolidine Abdoujaparov;UZB
21;1994;Eddy Seigneur;FRA
P;1993;Miguel Indurain;ESP
1;1993;Mario Cipollini;ITA
2;1993;Wilfried Nelissen;BEL
3;1993;Djamolidine Abdoujaparov;UZB
4;1993;GB–MG Maglificio;
5;1993;Jesper Skibby;DEN
6;1993;Johan Bruyneel;BEL
7;1993;Bjarne Riis;DEN
8;1993;Lance Armstrong;USA
9;1993;Miguel Indurain;ESP
10;1993;Toni Rominger;SUI
11;1993;Toni Rominger;SUI
12;1993;Fabio Roscioli;ITA
13;1993;Olaf Ludwig;GER
14;1993;Pascal Lino;FRA
15;1993;Oliverio Rincón;COL
16;1993;Zenon Jasku?a;POL
17;1993;Claudio Chiappucci;ITA
18;1993;Djamolidine Abdoujaparov;UZB
19;1993;Toni Rominger;SUI
20;1993;Djamolidine Abdoujaparov;UZB
P;1992;Miguel Indurain;ESP
1;1992;Dominique Arnould;FRA
2;1992;Javier Murguialday;ESP
3;1992;Rob Harmeling;NED
4;1992;Panasonic–Sportlife;
5;1992;Guido Bontempi;ITA
6;1992;Laurent Jalabert;FRA
7;1992;Gilles Delion;FRA
8;1992;Jan Nevens;BEL
9;1992;Miguel Indurain;ESP
10;1992;Jean-Paul van Poppel;NED
11;1992;Laurent Fignon;FRA
12;1992;Rolf Järmann;SUI
13;1992;Claudio Chiappucci;ITA
14;1992;Andrew Hampsten;USA
15;1992;Franco Chioccioli;ITA
16;1992;Stephen Roche;IRE
17;1992;Jean-Claude Colotti;FRA
18;1992;Thierry Marie;FRA
19;1992;Miguel Indurain;ESP
20;1992;Peter De Clercq;BEL
21;1992;Olaf Ludwig;GER
P;1991;Thierry Marie;FRA
1;1991;Djamolidine Abdoujaparov;URS
2;1991;Ariostea;
3;1991;Etienne De Wilde;BEL
4;1991;Djamolidine Abdoujaparov;URS
5;1991;Jelle Nijdam;NED
6;1991;Thierry Marie;FRA
7;1991;Jean-Paul van Poppel;NED
8;1991;Miguel Indurain;ESP
9;1991;Mauro Ribeiro;BRA
10;1991;Phil Anderson;AUS
11;1991;Charly Mottet;FRA
12;1991;Charly Mottet;FRA
13;1991;Claudio Chiappucci;ITA
14;1991;Bruno Cenghialta;ITA
15;1991;Moreno Argentin;ITA
16;1991;Marco Lietti;ITA
17;1991;Gianni Bugno;ITA
18;1991;Thierry Claveyrolat;FRA
19;1991;Dmitri Konychev;URS
20;1991;Viatcheslav Ekimov;URS
21;1991;Miguel Indurain;ESP
22;1991;Dmitri Konychev;URS
P;1990;Thierry Marie;FRA
1;1990;Frans Maassen;NED
2;1990;Panasonic–Sportlife;
3;1990;Moreno Argentin;ITA
4;1990;Johan Museeuw;BEL
5;1990;Gerrit Solleveld;NED
6;1990;Jelle Nijdam;NED
7;1990;Raúl Alcalá;MEX
8;1990;Olaf Ludwig;GDR
9;1990;Massimo Ghirotto;ITA
10;1990;Thierry Claveyrolat;FRA
11;1990;Gianni Bugno;ITA
12;1990;Erik Breukink;NED
13;1990;Eduardo Chozas;ESP
14;1990;Marino Lejarreta;ESP
15;1990;Charly Mottet;FRA
16;1990;Miguel Indurain;ESP
17;1990;Dmitri Konychev;URS
18;1990;Gianni Bugno;ITA
19;1990;Guido Bontempi;ITA
20;1990;Erik Breukink;NED
21;1990;Johan Museeuw;BEL
P;1989;Erik Breukink;NED
1;1989;Acácio da Silva;POR
2;1989;Super U–Raleigh–Fiat;
3;1989;Raúl Alcalá;MEX
4;1989;Jelle Nijdam;NED
5;1989;Greg LeMond;USA
6;1989;Joël Pelier;FRA
7;1989;Etienne De Wilde;BEL
8;1989;Martin Earley;IRE
9;1989;Miguel Induráin;ESP
10;1989;Robert Millar;GBR
11;1989;Mathieu Hermans;NED
12;1989;Valerio Tebaldi;ITA
13;1989;Vincent Barteau;FRA
14;1989;Jelle Nijdam;NED
15;1989;Steven Rooks;NED
16;1989;Pascal Richard;SUI
17;1989;Gert-Jan Theunisse;NED
18;1989;Laurent Fignon;FRA
19;1989;Greg LeMond;USA
20;1989;Giovanni Fidanza;ITA
21;1989;Greg LeMond;USA
P;1988;Guido Bontempi;ITA
1;1988;Steve Bauer;CAN
2;1988;Panasonic–Isostar–Colnago–Agu;
3;1988;Jean-Paul van Poppel;NED
4;1988;Acácio da Silva;POR
5;1988;Jelle Nijdam;NED
6;1988;Sean Yates;GBR
7;1988;Valerio Tebaldi;ITA
8;1988;Rolf Gölz;GER
9;1988;Jérôme Simon;FRA
10;1988;Jean-Paul van Poppel;NED
11;1988;Fabio Parra;COL
12;1988;Steven Rooks;NED
13;1988;Pedro Delgado;ESP
14;1988;Massimo Ghirotto;ITA
15;1988;Laudelino Cubino;ESP
16;1988;Adrie van der Poel;NED
17;1988;Jean-Paul van Poppel;NED
18;1988;Gianni Bugno;ITA
19;1988;Johnny Weltz;DEN
20;1988;Thierry Marie;FRA
21;1988;Juan Martinéz;ESP
22;1988;Jean-Paul van Poppel;NED
P;1987;Jelle Nijdam;NED
1;1987;Nico Verhoeven;NED
2;1987;Carrera Jeans–Vagabond;
3;1987;Acácio da Silva;POR
4;1987;Herman Frison;BEL
5;1987;Marc Sergeant;BEL
6;1987;Christophe Lavainne;FRA
7;1987;Manuel Jorge Domínguez[8];ESP
8;1987;Jean-Paul van Poppel;NED
9;1987;Adrie van der Poel;NED
10;1987;Stephen Roche;IRE
11;1987;Martial Gayant;FRA
12;1987;Davis Phinney;USA
13;1987;Erik Breukink;NED
14;1987;Dag Otto Lauritzen;NOR
15;1987;Rolf Gölz;GER
16;1987;Régis Clère;FRA
17;1987;Jean-Paul van Poppel;NED
18;1987;Jean-François Bernard;FRA
19;1987;Pedro Delgado;ESP
20;1987;Federico Echave;ESP
21;1987;Laurent Fignon;FRA
22;1987;Eduardo Chozas;ESP
23;1987;Régis Clère;FRA
24;1987;Jean-François Bernard;FRA
25;1987;Jeff Pierce;USA
P;1986;Thierry Marie;FRA
1;1986;Pol Verschuere;BEL
2;1986;Système U;
3;1986;Davis Phinney;USA
4;1986;Pello Ruiz Cabestany;ESP
5;1986;Johan van der Velde;NED
6;1986;Guido Bontempi;ITA
7;1986;Ludo Peeters;BEL
8;1986;Eddy Planckaert;BEL
9;1986;Bernard Hinault;FRA
10;1986;Jose-Angel Sarrapio;ESP
11;1986;Rudy Dhaenens;BEL
12;1986;Pedro Delgado;ESP
13;1986;Greg LeMond;USA
14;1986;Niki Rüttimann;SUI
15;1986;Frank Hoste;BEL
16;1986;Jean-François Bernard;FRA
17;1986;Eduardo Chozas;ESP
18;1986;Bernard Hinault;FRA
19;1986;Julián Gorospe;ESP
20;1986;Bernard Hinault;FRA
21;1986;Erich Mächler;SUI
22;1986;Guido Bontempi;ITA
23;1986;Guido Bontempi;ITA
P;1985;Bernard Hinault;FRA
1;1985;Rudy Matthijs;BEL
2;1985;Rudy Matthijs;BEL
3;1985;La Vie Claire;
4;1985;Gerrit Solleveld;NED
5;1985;Henri Manders;NED
6;1985;Francis Castaing;FRA
7;1985;Ludwig Wijnants;BEL
8;1985;Bernard Hinault;FRA
9;1985;Maarten Ducrot;NED
10;1985;Jørgen V. Pedersen;DEN
11;1985;Luis Herrera;COL
12;1985;Fabio Parra;COL
13;1985;Eric Vanderaerden;BEL
14;1985;Luis Herrera;COL
15;1985;Eduardo Chozas;ESP
16;1985;Frédéric Vichot;FRA
17;1985;Pedro Delgado;ESP
18a;1985;Stephen Roche;IRE
18b;1985;Régis Simon;FRA
19;1985;Eric Vanderaerden;BEL
20;1985;Johan Lammerts;NED
21;1985;Greg LeMond;USA
22;1985;Rudy Matthijs;BEL
P;1984;Bernard Hinault;FRA
1;1984;Frank Hoste;BEL
2;1984;Marc Madiot;FRA
3;1984;Renault–Elf;
4;1984;Ferdi Van Den Haute;BEL
5;1984;Paulo Ferreira;POR
6;1984;Frank Hoste;BEL
7;1984;Laurent Fignon;FRA
8;1984;Pascal Jules;FRA
9;1984;Jan Raas;NED
10;1984;Eric Vanderaerden;BEL
11;1984;Robert Millar;GBR
12;1984;Pascal Poisson;FRA
13;1984;Pierre-Henri Menthéour;FRA
14;1984;Fons De Wolf;BEL
15;1984;Frédéric Vichot;FRA
16;1984;Laurent Fignon;FRA
17;1984;Luis Herrera;COL
18;1984;Laurent Fignon;FRA
19;1984;Ángel Arroyo;ESP
20;1984;Laurent Fignon;FRA
21;1984;Frank Hoste;BEL
22;1984;Laurent Fignon;FRA
23;1984;Eric Vanderaerden;BEL
P;1983;Eric Vanderaerden;BEL
1;1983;Frits Pirard;NED
2;1983;COOP–Mercier–Mavic;
3;1983;Rudy Matthijs;BEL
4;1983;Serge Demierre;SUI
5;1983;Dominique Gaigne;FRA
6;1983;Bert Oosterbosch;NED
7;1983;Riccardo Magrini;ITA
8;1983;Bert Oosterbosch;NED
9;1983;Philippe Chevallier;FRA
10;1983;Robert Millar;GBR
11;1983;Régis Clère;FRA
12;1983;Kim Andersen;DEN
13;1983;Henk Lubberding;NED
14;1983;Pierre Le Bigaut;FRA
15;1983;Ángel Arroyo;ESP
16;1983;Michel Laurent;FRA
17;1983;Peter Winnen;NED
18;1983;Jacques Michaud;FRA
19;1983;Lucien Van Impe;BEL
20;1983;Philippe Leleu;FRA
21;1983;Laurent Fignon;FRA
22;1983;Gilbert Glaus;SUI
P;1982;Bernard Hinault;FRA
1;1982;Ludo Peeters;BEL
2;1982;Phil Anderson;AUS
3;1982;Daniel Willems;BEL
4;1982;Gerrie Knetemann;NED
5;1982;Cancelled and replaced by stage 9a;
6;1982;Jan Raas;NED
7;1982;Pol Verschuere;BEL
8;1982;Frank Hoste;BEL
9a;1982;Renault–Elf–Gitane;
9b;1982;Stefan Mutter;SUI
10;1982;Pierre-Raymond Villemiane;FRA
11;1982;Gerrie Knetemann;NED
12;1982;Sean Kelly;IRE
13;1982;Beat Breu;SUI
14;1982;Bernard Hinault;FRA
15;1982;Pascal Simon;FRA
16;1982;Beat Breu;SUI
17;1982;Peter Winnen;NED
18;1982;Adrie van Houwelingen;NED
19;1982;Bernard Hinault;FRA
20;1982;Daniel Willems;BEL
21;1982;Bernard Hinault;FRA
P;1981;Bernard Hinault;FRA
1a;1981;Freddy Maertens;BEL
1b;1981;TI–Raleigh–Creda[11];
2;1981;Johan van der Velde;NED
3;1981;Freddy Maertens;BEL
4;1981;TI–Raleigh–Creda;
5;1981;Lucien Van Impe;BEL
6;1981;Bernard Hinault;FRA
7;1981;Urs Freuler;SUI
8;1981;Ad Wijnands;NED
9;1981;René Martens;BEL
10;1981;Ad Wijnands;NED
11;1981;Daniel Willems;BEL
12a;1981;Freddy Maertens;BEL
12b;1981;Eddy Planckaert;BEL
13;1981;Freddy Maertens;BEL
14;1981;Bernard Hinault;FRA
15;1981;Sean Kelly;IRE
16;1981;Robert Alban;FRA
17;1981;Peter Winnen;NED
18;1981;Bernard Hinault;FRA
19;1981;Daniel Willems;BEL
20;1981;Bernard Hinault;FRA
21;1981;Johan van der Velde;NED
22;1981;Freddy Maertens;BEL
P;1980;Bernard Hinault;FRA
1a;1980;Jan Raas;NED
1b;1980;TI–Raleigh–Creda;
2;1980;Rudy Pevenage;BEL
3;1980;Henk Lubberding;NED
4;1980;Bernard Hinault;FRA
5;1980;Bernard Hinault;FRA
6;1980;Jean-Louis Gauthier;FRA
7a;1980;TI–Raleigh–Creda;
7b;1980;Jan Raas;NED
8;1980;Bert Oosterbosch;NED
9;1980;Jan Raas;NED
10;1980;Cees Priem;NED
11;1980;Joop Zoetemelk;NED
12;1980;Gerrie Knetemann;NED
13;1980;Raymond Martin;FRA
14;1980;Ludo Peeters;BEL
15;1980;Bernard Vallet;FRA
16;1980;Jos De Schoenmaecker;BEL
17;1980;Mariano Martínez;FRA
18;1980;Ludo Loos;BEL
19;1980;Sean Kelly;IRE
20;1980;Joop Zoetemelk;NED
21;1980;Sean Kelly;IRE
22;1980;Pol Verschuere;BEL
P;1979;Gerrie Knetemann;NED
1;1979;René Bittinger;FRA
2;1979;Bernard Hinault;FRA
3;1979;Bernard Hinault;FRA
4;1979;TI–Raleigh–McGregor;
5;1979;Jan Raas;NED
6;1979;Jos Jacobs;BEL
7;1979;Leo van Vliet;NED
8;1979;TI–Raleigh–McGregor;
9;1979;Ludo Delcroix;BEL
10;1979;Jo Maas;NED
11;1979;Bernard Hinault;FRA
12;1979;Christian Seznec;FRA
13;1979;Pierre-Raymond Villemiane;FRA
14;1979;Marc Demeyer;BEL
15;1979;Bernard Hinault;FRA
16;1979;Lucien Van Impe;BEL
17;1979;Joaquim Agostinho;POR
18;1979;Joop Zoetemelk;NED
19;1979;Dietrich Thurau;GER
20;1979;Serge Parsani;ITA
21;1979;Bernard Hinault;FRA
22;1979;Gerrie Knetemann;NED
23;1979;Bernard Hinault;FRA
24;1979;Bernard Hinault;FRA
P;1978;Jan Raas;NED
1a;1978;Jan Raas;NED
1b;1978;Walter Planckaert;BEL
2;1978;Jacques Esclassan;FRA
3;1978;Klaus-Peter Thaler;GER
4;1978;TI–Raleigh–McGregor;
5;1978;Freddy Maertens;BEL
6;1978;Sean Kelly;IRE
7;1978;Freddy Maertens;BEL
8;1978;Bernard Hinault;FRA
9;1978;Miguel Maria Lasa;ESP
10;1978;Henk Lubberding;NED
11;1978;Mariano Martínez;FRA
12a;1978;Cancelled;
12b;1978;Jacques Esclassan;FRA
13;1978;Paul Wellens;BEL
14;1978;Joop Zoetemelk;NED
15;1978;Bernard Hinault;FRA
16;1978;Hennie Kuiper;NED
17;1978;Christian Seznec;FRA
18;1978;Gerrie Knetemann;NED
19;1978;Marc Demeyer;BEL
20;1978;Bernard Hinault;FRA
21;1978;Jan Raas;NED
22;1978;Gerrie Knetemann;NED
P;1977;Dietrich Thurau;FRG
1;1977;Pierre-Raymond Villemiane;FRA
2;1977;Dietrich Thurau;FRG
3;1977;José Nazabal;ESP
4;1977;Régis Delépine;FRA
5a;1977;Jacques Esclassan;FRA
5b;1977;Dietrich Thurau;FRG
6;1977;Jan Raas;NED
7a;1977;Patrick Sercu;BEL
7b;1977;Fiat France;
8;1977;Giacinto Santambrogio;ITA
9;1977;Klaus-Peter Thaler;FRG
10;1977;Fedor den Hertog;NED
11;1977;Jean-Pierre Danguillaume;FRA
12;1977;Patrick Sercu;BEL
13a;1977;Patrick Sercu;BEL
13b;1977;Jean-Pierre Danguillaume;FRA
14;1977;Bernard Quilfen;FRA
15a;1977;Paul Wellens;BEL
15b;1977;Lucien Van Impe;BEL
16;1977;Dietrich Thurau;FRG
17;1977;Hennie Kuiper;NED
18;1977;no winner;
19;1977;Gerrie Knetemann;NED
20;1977;Bernard Thévenet;FRA
21;1977;Gerrie Knetemann;NED
22a;1977;Dietrich Thurau;FRG
22b;1977;Alain Meslet;FRA
P;1976;Freddy Maertens;BEL
1;1976;Freddy Maertens;BEL
2;1976;Giovanni Battaglin;ITA
3;1976;Freddy Maertens;BEL
4;1976;Hennie Kuiper;NED
5a;1976;TI–Raleigh–Campagnolo;
5b;1976;Miguel-Maria Lasa;ESP
6;1976;Aldo Parecchini;ITA
7;1976;Freddy Maertens;BEL
8;1976;Jacques Esclassan;FRA
9;1976;Joop Zoetemelk;NED
10;1976;Joop Zoetemelk;NED
11;1976;José-Luis Viejo;ESP
12;1976;Raymond Delisle;FRA
13;1976;Willy Teirlinck[8];BEL
14;1976;Lucien Van Impe;BEL
15;1976;Wladimiro Panizza;ITA
16;1976;Michel Pollentier;BEL
17;1976;Ferdinand Bracke;BEL
18a;1976;Freddy Maertens;BEL
18b;1976;Freddy Maertens;BEL
18c;1976;Gerben Karstens;NED
19;1976;Hubert Mathis;FRA
20;1976;Joop Zoetemelk;NED
21;1976;Freddy Maertens;BEL
22a;1976;Freddy Maertens;BEL
22b;1976;Gerben Karstens;NED
P;1975;Francesco Moser;ITA
1a;1975;Cees Priem;NED
1b;1975;Rik Van Linden;BEL
2;1975;Ronald de Witte;BEL
3;1975;Karel Rottiers;BEL
4;1975;Jacques Esclassan;FRA
5;1975;Theo Smit;NED
6;1975;Eddy Merckx;BEL
7;1975;Francesco Moser;ITA
8;1975;Barry Hoban;GBR
9a;1975;Theo Smit;NED
9b;1975;Eddy Merckx;BEL
10;1975;Felice Gimondi;ITA
11;1975;Joop Zoetemelk;NED
12;1975;Gerrie Knetemann;NED
13;1975;Michel Pollentier;BEL
14;1975;Lucien Van Impe;BEL
15;1975;Bernard Thévenet;FRA
16;1975;Bernard Thévenet;FRA
17;1975;Vicente Lopez-Carril;ESP
18;1975;Lucien Van Impe;BEL
19;1975;Rik Van Linden;BEL
20;1975;Giacinto Santambrogio;ITA
21;1975;Rik Van Linden;BEL
22;1975;Walter Godefroot;BEL
P;1974;Eddy Merckx;BEL
1;1974;Ercole Gualazzini;ITA
2;1974;Henk Poppe;NED
3;1974;Patrick Sercu;BEL
4;1974;Patrick Sercu;BEL
5;1974;Ronald de Witte;BEL
6a;1974;Jean-Luc Molineris;FRA
6b;1974;Molteni;
7;1974;Eddy Merckx;BEL
8a;1974;Cyrille Guimard;FRA
8b;1974;Patrick Sercu;BEL
9;1974;Eddy Merckx;BEL
10;1974;Eddy Merckx;BEL
11;1974;Vicente Lopez Carril;ESP
12;1974;Jos Spruyt;BEL
13;1974;Barry Hoban;GBR
14;1974;Jean-Pierre Genet;FRA
15;1974;Eddy Merckx;BEL
16;1974;Raymond Poulidor;FRA
17;1974;Jean-Pierre Danguillaume;FRA
18;1974;Jean-Pierre Danguillaume;FRA
19a;1974;Francis Campaner;FRA
19b;1974;Eddy Merckx;BEL
20;1974;Gerard Vianen;NED
21a;1974;Eddy Merckx;BEL
21b;1974;Michel Pollentier;BEL
22;1974;Eddy Merckx;BEL
P;1973;Joop Zoetemelk;NED
1a;1973;Willy Teirlinck;BEL
1b;1973;José Catieau;FRA
2a;1973;Watney–Maes Pils;
2b;1973;Eddy Verstraeten;BEL
3;1973;Cyrille Guimard;FRA
4;1973;Joop Zoetemelk;NED
5;1973;Walter Godefroot;BEL
6;1973;Jean-Pierre Danguillaume;FRA
7a;1973;Luis Ocaña;ESP
7b;1973;Bernard Thévenet;FRA
8;1973;Luis Ocaña;ESP
9;1973;Vicente López Carril;ESP
10;1973;Michael Wright;GBR
11;1973;Barry Hoban;GBR
12a;1973;Luis Ocaña;ESP
12b;1973;Lucien Van Impe;BEL
13;1973;Luis Ocaña;ESP
14;1973;Pedro Torres;ESP
15;1973;Wilfried David;BEL
16a;1973;Walter Godefroot;BEL
16b;1973;Joaquim Agostinho;POR
17;1973;Claude Tollet;FRA
18;1973;Luis Ocaña;ESP
19;1973;Barry Hoban;GBR
20a;1973;Luis Ocaña;ESP
20b;1973;Bernard Thévenet;FRA
P;1972;Eddy Merckx;BEL
1;1972;Cyrille Guimard;FRA
2;1972;Rik Van Linden;BEL
3a;1972;Ercole Gualazzini;ITA
3b;1972;Molteni;
4;1972;Cyrille Guimard;FRA
5a;1972;Walter Godefroot;BEL
5b;1972;Eddy Merckx;BEL
6;1972;Leo Duyndam;NED
7;1972;Yves Hézard;FRA
8;1972;Eddy Merckx;BEL
9;1972;Jos Huysmans;BEL
10;1972;Willy Teirlinck;BEL
11;1972;Bernard Thévenet;FRA
12;1972;Lucien Van Impe;BEL
13;1972;Eddy Merckx;BEL
14a;1972;Eddy Merckx;BEL
14b;1972;Cyrille Guimard;FRA
15;1972;Cyrille Guimard;FRA
16;1972;Willy Teirlinck;BEL
17;1972;Bernard Thévenet;FRA
18;1972;Marinus Wagtmans;NED
19;1972;Joseph Bruyère;BEL
20a;1972;Eddy Merckx;BEL
20b;1972;Willy Teirlinck;BEL
P;1971;Molteni;
1a;1971;Eric Leman;BEL
1b;1971;Gerben Karstens;NED
1c;1971;Albert Van Vlierberghe;BEL
2;1971;Eddy Merckx;BEL
3;1971;Rini Wagtmans;NED
4;1971;Jean-Pierre Genet;FRA
5;1971;Pietro Guerra;ITA
6a;1971;Eric Leman;BEL
6b;1971;Mauro Simonetti;ITA
7;1971;Eric Leman;BEL
8;1971;Luis Ocaña;ESP
9;1971;Walter Godefroot;BEL
10;1971;Bernard Thévenet;FRA
11;1971;Luis Ocaña;ESP
12;1971;Luciano Armani;ITA
13;1971;Eddy Merckx;BEL
14;1971;José Manuel Fuente;ESP
15;1971;José Manuel Fuente;ESP
16a;1971;Bernard Labourdette;FRA
16b;1971;Herman Van Springel;BEL
17;1971;Eddy Merckx;BEL
18;1971;Jean-Pierre Danguillaume;FRA
19;1971;Jan Krekels;NED
20;1971;Eddy Merckx;BEL
P;1970;Eddy Merckx;BEL
1;1970;Cyrille Guimard;FRA
2;1970;Italo Zilioli;ITA
3a;1970;Faemino–Faema;
3b;1970;Marino Basso;ITA
4;1970;Walter Godefroot;BEL
5a;1970;Walter Godefroot;BEL
5b;1970;Jozef Spruyt;BEL
6;1970;Roger De Vlaeminck;BEL
7a;1970;Eddy Merckx;BEL
7b;1970;José Antonio Gonzalez Linares;ESP
8;1970;Alain Vasseur;FRA
9;1970;Mogens Frey;DEN
10;1970;Eddy Merckx;BEL
11a;1970;Eddy Merckx;BEL
11b;1970;Marino Basso;ITA
12;1970;Eddy Merckx;BEL
13;1970;Primo Mori;ITA
14;1970;Eddy Merckx;BEL
15;1970;Marinus Wagtmans;NED
16;1970;Albert Van Vlierberghe;BEL
17;1970;Luis Ocaña;ESP
18;1970;Bernard Thévenet;FRA
19;1970;Christian Raymond;FRA
20a;1970;Rolf Wolfshohl;FRG
20b;1970;Eddy Merckx;BEL
21;1970;Marino Basso;ITA
22;1970;Jean-Pierre Danguillaume;FRA
23;1970;Eddy Merckx;BEL
P;1969;Rudi Altig;GER
1a;1969;Marino Basso;ITA
1b;1969;Faema;
2;1969;Julien Stevens;BEL
3;1969;Eric Leman;BEL
4;1969;Rik Van Looy;BEL
5;1969;Joaquim Agostinho;POR
6;1969;Eddy Merckx;BEL
7;1969;Mariano Diaz;ESP
8a;1969;Eddy Merckx;BEL
8b;1969;Michele Dancelli;ITA
9;1969;Roger Pingeon;FRA
10;1969;Herman Van Springel;BEL
11;1969;Eddy Merckx;BEL
12;1969;Felice Gimondi;ITA
13;1969;Guido Reybrouck;BEL
14;1969;Joaquim Agostinho;POR
15;1969;Eddy Merckx;BEL
16;1969;Raymond Delisle;FRA
17;1969;Eddy Merckx;BEL
18;1969;Barry Hoban;GBR
19;1969;Barry Hoban;GBR
20;1969;Pierre Matignon;FRA
21;1969;Herman Van Springel;BEL
22a;1969;Jozef Spruyt;BEL
22b;1969;Eddy Merckx;BEL
1a;1968;Charly Grosskost;FRA
1b;1968;Charly Grosskost;FRA
2;1968;Eric de Vlaeminck;BEL
3a;1968;Belgium A;
3b;1968;Walter Godefroot;BEL
4;1968;Georges Chappe;FRA
5a;1968;André Desvages;FRA
5b;1968;Jean Dumont;FRA
6;1968;Aurelio González Puente;ESP
7;1968;Franco Bitossi;ITA
8;1968;Daniel van Ryckeghem;BEL
9;1968;Walter Godefroot;BEL
10;1968;Gilbert Bellone;FRA
11;1968;Daniel van Ryckeghem;BEL
12;1968;Georges Pintens;BEL
13;1968;Herman Van Springel;BEL
14;1968;Jan Janssen;NED
15;1968;Roger Pingeon;FRA
16;1968;Franco Bitossi;ITA
17;1968;Jean-Pierre Genet;FRA
18;1968;Roger Pingeon;FRA
19;1968;Barry Hoban;GBR
20;1968;Jozef Huysmans;BEL
21;1968;Eric Leman;BEL
22a;1968;Maurice Izier;FRA
22b;1968;Jan Janssen;NED
1a;1967;José-Maria Errandonea;ESP
1b;1967;Walter Godefroot;BEL
2;1967;Willy Van Neste;BEL
3;1967;Marino Basso;ITA
4;1967;Guido Reybrouck;BEL
5a;1967;Roger Pingeon;FRA
5b;1967;Belgium;
6;1967;Herman Van Springel;BEL
7;1967;Michael Wright;GBR
8;1967;Lucien Aimar;FRA
9;1967;Guido Reybrouck;BEL
10;1967;Felice Gimondi;ITA
11;1967;José Samyn;FRA
12;1967;Raymond Riotte;FRA
13;1967;Jan Janssen;NED
14;1967;Barry Hoban;GBR
15;1967;Rolf Wolfshohl;FRG
16;1967;Fernando Manzaneque;ESP
17;1967;Raymond Mastrotto;FRA
18;1967;Marino Basso;ITA
19;1967;Jean Stablinski;FRA
20;1967;Felice Gimondi;ITA
21;1967;Paul Lemeteyer;FRA
22a;1967;René Binggeli;SUI
22b;1967;Raymond Poulidor;FRA
1;1966;Rudi Altig;FRG
2;1966;Guido Reybrouck;BEL
3a;1966;Televizier–Batavus;
3b;1966;Gerben Karstens;NED
4;1966;Willy Planckaert;BEL
5;1966;Franco Bitossi;ITA
6;1966;Edward Sels;BEL
7;1966;Albert Van Vlierberghe;BEL
8;1966;Willy Planckaert;BEL
9;1966;Gerben Karstens;NED
10;1966;Tommaso de Pra;ITA
11;1966;Guido Marcello Mugnaini;ITA
12;1966;Rudi Altig;FRG
13;1966;Georges Vandenberghe;BEL
14a;1966;Jo de Roo;NED
14b;1966;Raymond Poulidor;FRA
15;1966;Luís Otano;ESP
16;1966;Julio Jiménez;ESP
17;1966;Franco Bitossi;ITA
18;1966;Edy Schutz;LUX
19;1966;Ferdinand Bracke;BEL
20;1966;Henk Nijdam;NED
21;1966;Pierre Beuffeuil;FRA
22a;1966;Edward Sels;BEL
22b;1966;Rudi Altig;FRG
1a;1965;Rik Van Looy;BEL
1b;1965;Ford France–Gitane;
2;1965;Bernard Van De Kerkhove;BEL
3;1965;Felice Gimondi;ITA
4;1965;Edgard Sorgeloos;BEL
5a;1965;Cees van Espen;NED
5b;1965;Raymond Poulidor;FRA
6;1965;Guido Reybroeck;BEL
7;1965;Edward Sels;BEL
8;1965;Johan de Roo;NED
9;1965;Julio Jiménez;ESP
10;1965;Guido Reybroeck;BEL
11;1965;José Perez-Frances;ESP
12;1965;Jan Janssen;NED
13;1965;Adriano Durante;ITA
14;1965;Raymond Poulidor;FRA
15;1965;Giuseppe Fezzardi;ITA
16;1965;Joaquim Galera;ESP
17;1965;Julio Jiménez;ESP
18;1965;Felice Gimondi;ITA
19;1965;Rik Van Looy;BEL
20;1965;Michael Wright;GBR
21;1965;Gerben Karstens;NED
22;1965;Felice Gimondi;ITA
1;1964;Edward Sels;BEL
2;1964;André Darrigade;FRA
3a;1964;Bernard Vandekerkhove;BEL
3b;1964;Kas–Kaskol;
4;1964;Rudi Altig;GER
5;1964;Willy Derboven;BEL
6;1964;Henk Nijdam;NED
7;1964;Jan Janssen;NED
8;1964;Federico Bahamontes;ESP
9;1964;Jacques Anquetil;FRA
10a;1964;Jan Janssen;NED
10b;1964;Jacques Anquetil;FRA
11;1964;Edward Sels;BEL
12;1964;Jo de Roo;NED
13;1964;Julio Jiménez;ESP
14;1964;Edward Sels;BEL
15;1964;Raymond Poulidor;FRA
16;1964;Federico Bahamontes;ESP
17;1964;Jacques Anquetil;FRA
18;1964;André Darrigade;FRA
19;1964;Edward Sels;BEL
20;1964;Julio Jiménez;ESP
21;1964;Jean Stablinski;FRA
22a;1964;Benoni Beheyt;BEL
22b;1964;Jacques Anquetil;FRA
1;1963;Eddy Pauwels;BEL
2a;1963;Rik Van Looy;BEL
2b;1963;Pelforth–Sauvage–Lejeune;
3;1963;Seamus Elliott;IRL
4;1963;Frans Melckenbeeck;BEL
5;1963;Antonio Bailetti;ITA
6a;1963;Roger de Breuker;BEL
6b;1963;Jacques Anquetil;FRA
7;1963;Jan Janssen;NED
8;1963;Rik Van Looy;BEL
9;1963;Pino Cerami;BEL
10;1963;Jacques Anquetil;FRA
11;1963;Guy Ignolin;FRA
12;1963;André Darrigade;FRA
13;1963;Rik Van Looy;BEL
14;1963;Guy Ignolin;FRA
15;1963;Federico Bahamontes;ESP
16;1963;Fernando Manzaneque;ESP
17;1963;Jacques Anquetil;FRA
18;1963;Frans Brands;BEL
19;1963;Jacques Anquetil;FRA
20;1963;Roger de Breuker;BEL
21;1963;Rik Van Looy;BEL
1;1962;Rudi Altig;FRG
2a;1962;André Darrigade;FRA
2b;1962;Faema–Flandria–Clement;
3;1962;Rudi Altig;FRG
4;1962;Willy Vanden Berghen;BEL
5;1962;Emile Daems;BEL
6;1962;Robert Cazala;FRA
7;1962;Huub Zilverberg;NED
8a;1962;Mario Minieri;ITA
8b;1962;Jacques Anquetil;FRA
9;1962;Antonio Bailetti;ITA
10;1962;Willy Vannitsen;BEL
11;1962;Eddy Pauwels;BEL
12;1962;Robert Cazala;FRA
13;1962;Federico Bahamontes;ESP
14;1962;Jean Stablinski;FRA
15;1962;Willy Vannitsen;BEL
16;1962;Emile Daems;BEL
17;1962;Rudi Altig;FRG
18;1962;Emile Daems;BEL
19;1962;Raymond Poulidor;FRA
20;1962;Jacques Anquetil;FRA
21;1962;Dino Bruni;ITA
22;1962;Rino Benedetti;ITA
1a;1961;André Darrigade;FRA
1b;1961;Jacques Anquetil;FRA
2;1961;André Darrigade;FRA
3;1961;Emile Daems;BEL
4;1961;Anatole Novak;FRA
5;1961;Louis Bergaud;FRA
6;1961;Jozef Planckaert;BEL
7;1961;Jean Stablinski;FRA
8;1961;Jean Forestier;FRA
9;1961;Charly Gaul;LUX
10;1961;Guy Ignolin;FRA
11;1961;Guido Carlesi;ITA
12;1961;Michel Van Aerde;BEL
13;1961;André Darrigade;FRA
14;1961;Eddy Pauwels;BEL
15;1961;Guido Carlesi;ITA
16;1961;Imerio Massignan;ITA
17;1961;Eddy Pauwels;BEL
18;1961;Martin Van Geneugden;BEL
19;1961;Jacques Anquetil;FRA
20;1961;André Darrigade;FRA
21;1961;Robert Cazala;FRA
1a;1960;Julien Schepens;BEL
1b;1960;Roger Rivière;FRA
2;1960;René Privat;FRA
3;1960;Nino Defilippis;ITA
4;1960;Jean Graczyk;FRA
5;1960;André Darrigade;FRA
6;1960;Roger Rivière;FRA
7;1960;Graziano Battistini;ITA
8;1960;Nino Defilippis;ITA
9;1960;Martin van Geneugden;BEL
10;1960;Roger Rivière;FRA
11;1960;Kurt Gimmi;SUI
12;1960;Jean Graczyk;FRA
13;1960;Louis Proost;FRA
14;1960;Martin van Geneugden;BEL
15;1960;Michel Van Aerde;BEL
16;1960;Graziano Battistini;ITA
17;1960;Jean Graczyk;FRA
18;1960;Fernando Manzaneque;ESP
19;1960;Rolf Graf;SUI
20;1960;Pierre Beuffeuil;FRA
21;1960;Jean Graczyk;FRA
1;1959;André Darrigade;FRA
2;1959;Vito Favero;ITA
3;1959;Robert Cazala;FRA
4;1959;Dino Bruni;ITA
5;1959;Jean Graczyk;FRA
6;1959;Roger Rivière;FRA
7;1959;Roger Hassenforder;FRA
8;1959;Michel Dejouhannet;FRA
9;1959;Marcel Queheille;FRA
10;1959;Marcel Janssens;BEL
11;1959;André Darrigade;FRA
12;1959;Rolf Graf;SUI
13;1959;Henry Anglade;FRA
14;1959;André Le Dissez;FRA
15;1959;Federico Bahamontes;ESP
16;1959;Dino Bruni;ITA
17;1959;Charly Gaul;LUX
18;1959;Ercole Baldini;ITA
19;1959;Rolf Graf;SUI
20;1959;Brian Robinson;GBR
21;1959;Roger Rivière;FRA
22;1959;Joseph Groussard;FRA
1;1958;André Darrigade;FRA
2;1958;Gerrit Voorting;NED
3;1958;Gilbert Bauvin;FRA
4;1958;Jean Gainche;FRA
5;1958;Tino Sabbadini;FRA
6;1958;Martin van Geneugden;BEL
7;1958;Brian Robinson;GBR
8;1958;Charly Gaul;LUX
9;1958;André Darrigade;FRA
10;1958;Pierino Baffi;ITA
11;1958;Arrigo Padovan;ITA
12;1958;Martin van Geneugden;BEL
13;1958;Louis Bergaud;FRA
14;1958;Federico Bahamontes;ESP
15;1958;André Darrigade;FRA
16;1958;Pierino Baffi;ITA
17;1958;André Darrigade;FRA
18;1958;Charly Gaul;LUX
19;1958;Gastone Nencini;ITA
20;1958;Federico Bahamontes;ESP
21;1958;Charly Gaul;LUX
22;1958;André Darrigade;FRA
23;1958;Charly Gaul;LUX
24;1958;Pierino Baffi;ITA
1;1957;André Darrigade;FRA
2;1957;René Privat;FRA
3a;1957;France;
3b;1957;Jacques Anquetil;FRA
4;1957;Marcel Janssens;BEL
5;1957;Gilbert Bauvin;FRA
6;1957;André Trochut;FRA
7;1957;Roger Hassenforder;FRA
8;1957;Pierino Baffi;ITA
9;1957;Jacques Anquetil;FRA
10;1957;Gastone Nencini;ITA
11;1957;René Privat;FRA
12;1957;Jean Stablinski;FRA
13;1957;Nino Defilippis;ITA
14;1957;Roger Hassenforder;FRA
15a;1957;René Privat;FRA
15b;1957;Jacques Anquetil;FRA
16;1957;Jean Bourlès;FRA
17;1957;Nino Defilippis;ITA
18;1957;Gastone Nencini;ITA
19;1957;Pierino Baffi;ITA
20;1957;Jacques Anquetil;FRA
21;1957;André Darrigade;FRA
22;1957;André Darrigade;FRA
1;1956;André Darrigade;FRA
2;1956;Fred De Bruyne;BEL
3;1956;Arigo Padovan;ITA
4a;1956;Charly Gaul;LUX
4b;1956;Roger Hassenforder;FRA
5;1956;Joseph Morvan;FRA
6;1956;Fred De Bruyne;BEL
7;1956;Alessandro Fantini;ITA
8;1956;Miguel Poblet;ESP
9;1956;Roger Hassenforder;FRA
10;1956;Fred De Bruyne;BEL
11;1956;Nino Defilippis;ITA
12;1956;Jean-Pierre Schmitz;LUX
13;1956;Nino Defilippis;ITA
14;1956;Roger Hassenforder;FRA
15;1956;Joseph Thomin;FRA
16;1956;Jean Forestier;FRA
17;1956;Nino Defilippis;ITA
18;1956;Charly Gaul;LUX
19;1956;Stan Ockers;BEL
20;1956;Miguel Bover;ESP
21;1956;Roger Hassenforder;FRA
22;1956;Gastone Nencini;ITA
1a;1955;Miguel Poblet;ESP
1b;1955;Netherlands;
2;1955;Antonin Rolland;FRA
3;1955;Louison Bobet;FRA
4;1955;Willy Kemp;LUX
5;1955;Roger Hassenforder;FRA
6;1955;André Darrigade;FRA
7;1955;Jos Hinsen;NED
8;1955;Charly Gaul;LUX
9;1955;Raphaël Géminiani;FRA
10;1955;Lucien Lazaridès;FRA
11;1955;Louison Bobet;FRA
12;1955;Alessandro Fantini;ITA
13;1955;Daan de Groot;NED
14;1955;Louis Caput;FRA
15;1955;Luciano Pezzi;ITA
16;1955;Rik Van Steenbergen;BEL
17;1955;Charly Gaul;LUX
18;1955;Jean Brankart;BEL
19;1955;Wout Wagtmans;NED
20;1955;Jean Forestier;FRA
21;1955;Jean Brankart;BEL
22;1955;Miguel Poblet;ESP
1;1954;Wout Wagtmans;NED
2;1954;Louison Bobet;FRA
3;1954;Marcel Dussault;FRA
4a;1954;Switzerland;
4b;1954;Wim van Est;NED
5;1954;Ferdinand Kübler;SUI
6;1954;Dominique Forlini;FRA
7;1954;Jacques Vivier;FRA
8;1954;Fred De Bruyne;BEL
9;1954;Henk Faanhof;NED
10;1954;Gilbert Bauvin;FRA
11;1954;Stan Ockers;BEL
12;1954;Gilbert Bauvin;FRA
13;1954;Fred De Bruyne;BEL
14;1954;Ferdinand Kübler;SUI
15;1954;Dominique Forlini;FRA
16;1954;Jean Forestier;FRA
17;1954;Lucien Lazaridès;FRA
18;1954;Louison Bobet;FRA
19;1954;Jean Dotto;FRA
20;1954;Lucien Teisseire;FRA
21a;1954;François Mahé;FRA
21b;1954;Louison Bobet;FRA
22;1954;Fred De Bruyne;BEL
23;1954;Robert Varnajo;FRA
1;1953;Fritz Schär;SUI
2;1953;Fritz Schär;SUI
3;1953;Stanislas Bober;FRA
4;1953;Gerrit Voorting;NED
5;1953;Jean Malléjac;FRA
6;1953;Martin Van Geneugden;BEL
7;1953;Livio Isotti;ITA
8;1953;Jan Nolten;NED
9;1953;Fiorenzo Magni;ITA
10;1953;Jesús Loroño;ESP
11;1953;Jean Robic;FRA
12;1953;André Darrigade;FRA
13;1953;Nello Lauredi;FRA
14;1953;Bernard Quennehen;FRA
15;1953;Maurice Quentin;FRA
16;1953;Wim van Est;NED
17;1953;Wout Wagtmans;NED
18;1953;Louison Bobet;FRA
19;1953;Georges Meunier;FRA
20;1953;Louison Bobet;FRA
21;1953;Wout Wagtmans;NED
22;1953;Fiorenzo Magni;ITA
1;1952;Rik Van Steenbergen;BEL
2;1952;André Rosseel;BEL
3;1952;Nello Lauredi;FRA
4;1952;Pierre Molinéris;FRA
5;1952;Jean Diederich;LUX
6;1952;Fiorenzo Magni;ITA
7;1952;Fausto Coppi;ITA
8;1952;Raphaël Géminiani;FRA
9;1952;Walter Diggelmann;SUI
10;1952;Fausto Coppi;ITA
11;1952;Fausto Coppi;ITA
12;1952;Jan Nolten;NED
13;1952;Raoul Rémy;FRA
14;1952;Jean Robic;FRA
15;1952;Georges Decaux;FRA
16;1952;André Rosseel;BEL
17;1952;Raphaël Géminiani;FRA
18;1952;Fausto Coppi;ITA
19;1952;Hans Dekkers;NED
20;1952;Jacques Vivier;FRA
21;1952;Fausto Coppi;ITA
22;1952;Fiorenzo Magni;ITA
23;1952;Antonin Rolland;FRA
1;1951;Giovanni Rossi;SUI
2;1951;Jean Diederich;LUX
3;1951;Georges Meunier;FRA
4;1951;Roger Lévêque;FRA
5;1951;Serafino Biagioni;ITA
6;1951;Édouard Muller;FRA
7;1951;Hugo Koblet;SUI
8;1951;André Rosseel;BEL
9;1951;Raphaël Géminiani;FRA
10;1951;Bernardo Ruiz;ESP
11;1951;Hugo Koblet;SUI
12;1951;Wim van Est;NED
13;1951;Serafino Biagioni;ITA
14;1951;Hugo Koblet;SUI
15;1951;André Rosseel;BEL
16;1951;Hugo Koblet;SUI
17;1951;Louison Bobet;FRA
18;1951;Fiorenzo Magni;ITA
19;1951;Armand Baeyens;BEL
20;1951;Fausto Coppi;ITA
21;1951;Bernardo Ruiz;ESP
22;1951;Hugo Koblet;SUI
23;1951;Germain Derijcke;BEL
24;1951;Adolphe Deledda;FRA
1;1950;Jean Goldschmit;LUX
2;1950;Adolfo Leoni;ITA
3;1950;Alfredo Pasotti;ITA
4;1950;Stan Ockers;BEL
5;1950;Giovanni Corrieri;ITA
6;1950;Ferdinand Kübler;SUI
7;1950;Nello Lauredi;FRA
8;1950;Fiorenzo Magni;ITA
9;1950;Alfredo Pasotti;ITA
10;1950;Marcel Dussault;FRA
11;1950;Gino Bartali;ITA
12;1950;Maurice Blomme;BEL
13;1950;Marcel Molinès;FRA
14;1950;Custodio Dos Reis;FRA
15;1950;Jean Diederich;LUX
16;1950;Ferdinand Kübler;SUI
17;1950;Raphaël Géminiani;FRA
18;1950;Louison Bobet;FRA
19;1950;Raphaël Géminiani;FRA
20;1950;Ferdinand Kübler;SUI
21;1950;Gino Sciardis;FRA
22;1950;Émile Baffert;FRA
1;1949;Marcel Dussault;FRA
2;1949;Roger Lambrecht;BEL
3;1949;Norbert Callens;BEL
4;1949;Lucien Teisseire;FRA
5;1949;Ferdinand Kübler;SUI
6;1949;Adolphe Deledda;FRA
7;1949;Fausto Coppi;ITA
8;1949;Guy Lapébie;FRA
9;1949;Louis Caput;FRA
10;1949;Fiorenzo Magni;ITA
11;1949;Jean Robic;FRA
12;1949;Rik Van Steenbergen;BEL
13;1949;Emile Idée;FRA
14;1949;Jean Goldschmidt;LUX
15;1949;Désiré Keteleer;BEL
16;1949;Gino Bartali;ITA
17;1949;Fausto Coppi;ITA
18;1949;Vincenzo Rossello;ITA
19;1949;Raphaël Géminiani;FRA
20;1949;Fausto Coppi;ITA
21;1949;Rik Van Steenbergen;BEL
1;1948;Gino Bartali;ITA
2;1948;Vincenzo Rossello;ITA
3;1948;Guy Lapébie;FRA
4;1948;Jacques Pras;FRA
5;1948;Raoul Remy;FRA
6;1948;Louison Bobet;FRA
7;1948;Gino Bartali;ITA
8;1948;Gino Bartali;ITA
9;1948;Raymond Impanis;BEL
10;1948;Raymond Impanis;BEL
11;1948;Gino Sciardis;ITA
12;1948;Louison Bobet;FRA
13;1948;Gino Bartali;ITA
14;1948;Gino Bartali;ITA
15;1948;Gino Bartali;ITA
16;1948;Edward Van Dijck;BEL
17;1948;Roger Lambrecht;BEL
18;1948;Giovanni Corrieri;ITA
19;1948;Gino Bartali;ITA
20;1948;Bernard Gauthier;FRA
21;1948;Giovanni Corrieri;ITA
1;1947;Ferdinand Kübler;SUI
2;1947;René Vietto;FRA
3;1947;Aldo Ronconi;ITA
4;1947;Jean Robic;FRA
5;1947;Ferdinand Kübler;SUI
6;1947;Lucien Teisseire;FRA
7;1947;Jean Robic;FRA
8;1947;Fermo Camellini;ITA
9;1947;René Vietto;FRA
10;1947;Fermo Camellini;ITA
11;1947;Édouard Fachleitner;FRA
12;1947;Henri Massal;FRA
13;1947;Lucien Teisseire;FRA
14;1947;Albert Bourlon;FRA
15;1947;Jean Robic;FRA
16;1947;Giuseppe Tacca;ITA
17;1947;Éloi Tassin;FRA
18;1947;Pietro Tarchini;SUI
19;1947;Raymond Impanis;BEL
20;1947;Maurice Diot;FRA
21;1947;Briek Schotte;BEL
1;1939;Amédée Fournier;FRA
2a;1939;Romain Maes;BEL
2b;1939;Éloi Tassin;FRA
3;1939;Pierre Cloarec;FRA
4;1939;Raymond Louviot;FRA
5;1939;Amédée Fournier;FRA
6a;1939;Lucien Storme;BEL
6b;1939;Edmond Pagès;FRA
7;1939;Raymond Passat;FRA
8a;1939;Marcel Kint;BEL
8b;1939;Karl Litschi;SUI
9;1939;Edward Vissers;BEL
10a;1939;Pierre Jaminet;FRA
10b;1939;Maurice Archambaud;FRA
10c;1939;Maurice Archambaud;FRA
11;1939;Fabien Galateau;FRA
12a;1939;François Neuens;LUX
12b;1939;Maurice Archambaud;FRA
13;1939;Pierre Gallien;FRA
14;1939;Pierre Cloarec;FRA
15;1939;Sylvère Maes;BEL
16a;1939;Pierre Jaminet;FRA
16b;1939;Sylvère Maes;BEL
16c;1939;Antoon van Schendel;NED
17a;1939;François Neuens;LUX
17b;1939;Maurice Archambaud;FRA
18a;1939;René Le Grevès;FRA
18b;1939;Marcel Kint;BEL
1;1938;Willi Oberbeck;GER
2;1938;Jean Majerus;LUX
3;1938;Gerrit Schulte;NED
4a;1938;Éloi Meulenberg;BEL
4b;1938;Éloi Meulenberg;BEL
4c;1938;Félicien Vervaecke;BEL
5;1938;Éloi Meulenberg;BEL
6a;1938;Jules Rossi;ITA
6b;1938;Glauco Servadei;ITA
7;1938;Theo Middelkamp;NED
8;1938;Félicien Vervaecke;BEL
9;1938;Jean Fréchaut;FRA
10a;1938;Antoon van Schendel;NED
10b;1938;Félicien Vervaecke;BEL
10c;1938;Antonin Magne;FRA
11;1938;Gino Bartali;ITA
12;1938;Jean Fréchaut;FRA
13;1938;Dante Gianello;FRA
14;1938;Gino Bartali;ITA
15;1938;Marcel Kint;BEL
16;1938;Marcel Kint;BEL
17a;1938;Émile Masson Jr.;BEL
17b;1938;Jean Fréchaut;FRA
18;1938;Marcel Kint;BEL
19;1938;Fabien Galateau;FRA
20a;1938;Glauco Servadei;ITA
20b;1938;Félicien Vervaecke;BEL
20c;1938;François Neuville;BEL
21;1938;Antonin Magne André Leducq[n 2];"c(""FRA"", ""FRA"")"
1;1937;Jean Majerus;LUX
2;1937;Maurice Archambaud;FRA
3;1937;Walter Generati;ITA
4;1937;Erich Bautz;GER
5a;1937;Henri Puppo;FRA
5b;1937;Sylvère Maes;BEL
5c;1937;Leo Amberg;SUI
6;1937;Gustaaf Deloor;BEL
7;1937;Gino Bartali;ITA
8;1937;Otto Weckerling;GER
9;1937;Roger Lapébie;FRA
10;1937;Félicien Vervaecke;BEL
11a;1937;Eloi Meulenberg;BEL
11b;1937;Gustaaf Danneels;BEL
12a;1937;Alphonse Antoine;FRA
12b;1937;René Pedroli;SUI
13a;1937;Francesco Camusso;ITA
13b;1937;Eloi Meulenberg;BEL
14a;1937;Eloi Meulenberg;BEL
14b;1937;Mariano Canardo;ESP
14c;1937;Eloi Meulenberg;BEL
15;1937;Julian Berrendero;ESP
16;1937;Paul Chocque;FRA
17a;1937;Erich Bautz;GER
17b;1937;Adolph Braeckeveldt Heinz Wengler[n 3];"c(""BEL"", ""GER"")"
17c;1937;Roger Lapébie;FRA
18a;1937;Roger Lapébie;FRA
18b;1937;Paul Chocque;FRA
19a;1937;Raymond Passat;FRA
19b;1937;Leo Amberg;SUI
20;1937;Edward Vissers;BEL
1;1936;Paul Egli;SUI
2;1936;Robert Wierinckx;BEL
3;1936;Mathias Clemens;LUX
4;1936;Maurice Archambaud;FRA
5;1936;René Le Grèves;FRA
6;1936;Éloi Meulenberg;BEL
7;1936;Theo Middelkamp;NED
8;1936;Jean-Marie Goasmat;FRA
9;1936;Léon Level;FRA
10;1936;Paul Maye;FRA
11;1936;Federico Ezquerra;ESP
12;1936;René Le Grevès;FRA
13a;1936;René Le Grevès;FRA
13b;1936;Sylvère Maes;BEL
14a;1936;René Le Grevès;FRA
14b;1936;Sylvère Maes;BEL
15;1936;Sauveur Ducazeaux;FRA
16;1936;Sylvère Maes;BEL
17;1936;René Le Grevès;FRA
18a;1936;Éloi Meulenberg;BEL
18b;1936;Sylvère Maes;BEL
19a;1936;Marcel Kint;BEL
19b;1936;Félicien Vervaecke;BEL
19c;1936;Paul Maye;FRA
20a;1936;René Le Grevès;FRA
20b;1936;Antonin Magne;FRA
21;1936;Arsène Mersch;LUX
1;1935;Romain Maes;BEL
2;1935;Charles Pélissier;FRA
3;1935;Rafaele di Paco;ITA
4;1935;Jean Aerts;BEL
5a;1935;Maurice Archambaud;FRA
5b;1935;Rafaele di Paco;ITA
6;1935;René Vietto;FRA
7;1935;Francesco Camusso;ITA
8;1935;Jean Aerts;BEL
9;1935;René Vietto;FRA
10;1935;Jean Aerts;BEL
11;1935;Romain Maes;BEL
12;1935;Charles Pélissier;FRA
13a;1935;Vasco Bergamaschi;ITA
13b;1935;Georges Speicher;FRA
14a;1935;René Le Grevès;FRA
14b;1935;Maurice Archambaud;FRA
15;1935;Sylvère Maes;BEL
16;1935;Ambrogio Morelli;ITA
17;1935;Julien Moineau;FRA
18a;1935;René Le Grevès;FRA
18b;1935;André Leducq;FRA
19a;1935;René Le Grevès;FRA
19b;1935;Jean Aerts;BEL
20a;1935;René Le Grevès;FRA
20b;1935;Ambrogio Morelli;ITA
21;1935;Romain Maes;BEL
1;1934;Georges Speicher;FRA
2;1934;René Le Grevès;FRA
3;1934;Roger Lapébie;FRA
4;1934;Roger Lapébie;FRA
5;1934;René Le Grevès  Georges Speicher[n 2];"c(""FRA"", ""FRA"")"
6;1934;Georges Speicher;FRA
7;1934;René Vietto;FRA
8;1934;Giuseppe Martano;ITA
9;1934;René Vietto;FRA
10;1934;René Le Grevès;FRA
11;1934;René Vietto;FRA
12;1934;Roger Lapébie;FRA
13;1934;Georges Speicher;FRA
14;1934;Roger Lapébie;FRA
15;1934;Roger Lapébie;FRA
16;1934;Adriano Vignoli;ITA
17;1934;Antonin Magne;FRA
18;1934;René Vietto;FRA
19;1934;Ettore Meini;ITA
20;1934;Georges Speicher;FRA
21a;1934;René Le Grevès;FRA
21b;1934;Antonin Magne;FRA
22;1934;Raymond Louviot;FRA
23;1934;Sylvère Maes;BEL
1;1933;Maurice Archambaud;FRA
2;1933;Learco Guerra;ITA
3;1933;Alfons Schepers;BEL
4;1933;Jean Aerts;BEL
5;1933;Léon Louyet;BEL
6;1933;Learco Guerra;ITA
7;1933;Learco Guerra;ITA
8;1933;Georges Speicher;FRA
9;1933;Georges Speicher;FRA
10;1933;Fernand Cornez;FRA
11;1933;Maurice Archambaud;FRA
12;1933;Georges Speicher;FRA
13;1933;André Leducq;FRA
14;1933;André Leducq;FRA
15;1933;Jean Aerts;BEL
16;1933;Léon Louyet;BEL
17;1933;Jean Aerts;BEL
18;1933;Learco Guerra;ITA
19;1933;Jean Aerts;BEL
20;1933;Jean Aerts;BEL
21;1933;Jean Aerts;BEL
22;1933;René Le Grevès;FRA
23;1933;Learco Guerra;ITA
1;1932;Jean Aerts;BEL
2;1932;Kurt Stöpel;GER
3;1932;André Leducq;FRA
4;1932;Georges Ronsse;BEL
5;1932;Antonio Pesenti;ITA
6;1932;Frans Bonduel;BEL
7;1932;Frans Bonduel;BEL
8;1932;Michele Orecchia;ITA
9;1932;Rafaele di Paco;ITA
10;1932;Francesco Camusso;ITA
11;1932;André Leducq;FRA
12;1932;Roger Lapébie;FRA
13;1932;André Leducq;FRA
14;1932;Rafaele di Paco;ITA
15;1932;André Leducq;FRA
16;1932;Gérard Loncke;BEL
17;1932;Rafaele di Paco;ITA
18;1932;Rafaele di Paco;ITA
19;1932;Gaston Rebry;BEL
20;1932;André Leducq;FRA
21;1932;André Leducq;FRA
1;1931;Alfred Haemerlinck;BEL
2;1931;Max Bulla;AUT
3;1931;Fabio Battesini;ITA
4;1931;André Godinat;FRA
5;1931;Charles Pélissier;FRA
6;1931;Alfred Haemerlinck;BEL
7;1931;Gérard Loncke;BEL
8;1931;Charles Pélissier;FRA
9;1931;Antonin Magne;FRA
10;1931;Rafaele di Paco;ITA
11;1931;Rafaele di Paco;ITA
12;1931;Max Bulla;AUT
13;1931;Charles Pélissier;FRA
14;1931;Eugenio Gestri;ITA
15;1931;Jef Demuysere;BEL
16;1931;Charles Pélissier;FRA
17;1931;Max Bulla;AUT
18;1931;Jef Demuysere;BEL
19;1931;Rafaele di Paco;ITA
20;1931;André Leducq;FRA
21;1931;Rafaele di Paco;ITA
22;1931;Raffaele di Paco;ITA
23;1931;Gaston Rebry;BEL
24;1931;Charles Pélissier;FRA
1;1930;Charles Pélissier;FRA
2;1930;Learco Guerra;ITA
3;1930;Charles Pélissier;FRA
4;1930;Omer Taverne;BEL
5;1930;André Leducq;FRA
6;1930;Jean Aerts;BEL
7;1930;Jules Merviel;FRA
8;1930;Alfredo Binda;ITA
9;1930;Alfredo Binda;ITA
10;1930;Charles Pélissier;FRA
11;1930;Charles Pélissier;FRA
12;1930;Antonin Magne;FRA
13;1930;Learco Guerra;ITA
14;1930;Louis Peglion;FRA
15;1930;Learco Guerra;ITA
16;1930;André Leducq;FRA
17;1930;Frans Bonduel;BEL
18;1930;Charles Pélissier;FRA
19;1930;Charles Pélissier;FRA
20;1930;Charles Pélissier;FRA
21;1930;Charles Pélissier;FRA
1;1929;Aimé Dossche;BEL
2;1929;André Leducq;FRA
3;1929;Omer Taverne;BEL
4;1929;Louis Delannoy;BEL
5;1929;Gustaaf van Slembrouck;BEL
6;1929;Paul Le Drogo;FRA
7;1929;Nicolas Frantz;LUX
8;1929;Julien Moineau;FRA
9;1929;Salvador Cardona;ESP
10;1929;Jef Demuysere;BEL
11;1929;André Leducq;FRA
12;1929;Marcel Bidot;FRA
13;1929;Benoît Fauré;FRA
14;1929;Gaston Rebry;BEL
15;1929;Julien Vervaecke;BEL
16;1929;Charles Pélissier;FRA
17;1929;André Leducq;FRA
18;1929;André Leducq;FRA
19;1929;Bernard van Rysselberghe;BEL
20;1929;Maurice Dewaele;BEL
21;1929;André Leducq;FRA
22;1929;Nicolas Frantz;LUX
1;1928;Nicolas Frantz;LUX
2;1928;André Leducq;FRA
3;1928;Gaston Rebry;BEL
4;1928;Pé Verhaegen;BEL
5;1928;Marcel Bidot;FRA
6;1928;Nicolas Frantz;LUX
7;1928;Victor Fontan;FRA
8;1928;Maurice Dewaele;BEL
9;1928;Victor Fontan;FRA
10;1928;André Leducq;FRA
11;1928;André Leducq;FRA
12;1928;Nicolas Frantz;LUX
13;1928;Antonin Magne;FRA
14;1928;Julien Moineau;FRA
15;1928;Pierre Magne;FRA
16;1928;André Leducq;FRA
17;1928;Joseph Mauclair;FRA
18;1928;Nicolas Frantz;LUX
19;1928;Marcel Huot;FRA
20;1928;Maurice Dewaele;BEL
21;1928;Antonin Magne;FRA
22;1928;Nicolas Frantz;LUX
1;1927;Francis Pélissier;FRA
2;1927;Maurice Dewaele;BEL
3;1927;Hector Martin;BEL
4;1927;Camille van de Casteele;BEL
5;1927;Ferdinand Le Drogo;FRA
6;1927;André Leducq;FRA
7;1927;Gustaaf van Slembrouck;BEL
8;1927;Raymond Decorte;BEL
9;1927;Adelin Benoit;BEL
10;1927;Pé Verhaegen;BEL
11;1927;Nicolas Frantz;LUX
12;1927;Gustaaf van Slembrouck;BEL
13;1927;Maurice Dewaele;BEL
14;1927;Antonin Magne;FRA
15;1927;Nicolas Frantz;LUX
16;1927;Julien Vervaecke;BEL
17;1927;Pé Verhaegen;BEL
18;1927;Adelin Benoit;BEL
19;1927;Maurice Geldhof;BEL
20;1927;Raymond Decorte;BEL
21;1927;Nicolas Frantz;LUX
22;1927;Hector Martin;BEL
23;1927;André Leducq;FRA
24;1927;André Leducq;FRA
1;1926;Jules Buysse;BEL
2;1926;Aimé Dossche;BEL
3;1926;Gustaaf van Slembrouck;BEL
4;1926;Félix Sellier;BEL
5;1926;Adelin Benoit;BEL
6;1926;Joseph van Dam;BEL
7;1926;Nicolas Frantz;LUX
8;1926;Joseph van Dam;BEL
9;1926;Nicolas Frantz;LUX
10;1926;Lucien Buysse;BEL
11;1926;Lucien Buysse;BEL
12;1926;Nicolas Frantz;LUX
13;1926;Nicolas Frantz;LUX
14;1926;Bartolomeo Aimo;ITA
15;1926;Joseph van Dam;BEL
16;1926;Camille van de Casteele;BEL
17;1926;Aimé Dossche;BEL
1;1925;Ottavio Bottecchia;ITA
2;1925;Romain Bellenger;FRA
3;1925;Louis Mottiat;BEL
4;1925;Nicolas Frantz;LUX
5;1925;Nicolas Frantz;LUX
6;1925;Ottavio Bottecchia;ITA
7;1925;Ottavio Bottecchia;ITA
8;1925;Adelin Benoît;BEL
9;1925;Nicolas Frantz;LUX
10;1925;Theophile Beeckman;BEL
11;1925;Lucien Buysse;BEL
12;1925;Lucien Buysse;BEL
13;1925;Bartolomeo Aimo;ITA
14;1925;Hector Martin;BEL
15;1925;Nicolas Frantz;LUX
16;1925;Hector Martin;BEL
17;1925;Hector Martin;BEL
18;1925;Ottavio Bottecchia;ITA
1;1924;Ottavio Bottecchia;ITA
2;1924;Romain Bellenger;FRA
3;1924;Philippe Thys  Théophile Beeckman;"c(""BEL"", ""BEL"")"
4;1924;Félix Goethals;FRA
5;1924;Omer Huyse;BEL
6;1924;Ottavio Bottecchia;ITA
7;1924;Ottavio Bottecchia;ITA
8;1924;Louis Mottiat;BEL
9;1924;Philippe Thys;BEL
10;1924;Giovanni Brunero;ITA
11;1924;Nicolas Frantz;LUX
12;1924;Nicolas Frantz;LUX
13;1924;Arsène Alancourt;FRA
14;1924;Romain Bellenger;FRA
15;1924;Ottavio Bottecchia;ITA
1;1923;Robert Jacquinot;FRA
2;1923;Ottavio Bottecchia;ITA
3;1923;Henri Pélissier;FRA
4;1923;Albert Dejonghe;BEL
5;1923;Robert Jacquinot;FRA
6;1923;Jean Alavoine;FRA
7;1923;Jean Alavoine;FRA
8;1923;Lucien Buysse;BEL
9;1923;Jean Alavoine;FRA
10;1923;Henri Pélissier;FRA
11;1923;Henri Pélissier;FRA
12;1923;Joseph Muller;FRA
13;1923;Romain Bellenger;FRA
14;1923;Félix Goethals;FRA
15;1923;Félix Goethals;FRA
1;1922;Robert Jacquinot;FRA
2;1922;Romain Bellenger;FRA
3;1922;Robert Jacquinot;FRA
4;1922;Philippe Thys;BEL
5;1922;Jean Alavoine;FRA
6;1922;Jean Alavoine;FRA
7;1922;Jean Alavoine;FRA
8;1922;Philippe Thys;BEL
9;1922;Philippe Thys;BEL
10;1922;Philippe Thys;BEL
11;1922;Emile Masson};BEL
12;1922;Emile Masson;BEL
13;1922;Federico Gay;ITA
14;1922;Félix Sellier;BEL
15;1922;Philippe Thys;BEL
1;1921;Louis Mottiat;BEL
2;1921;Romain Bellenger;FRA
3;1921;Leon Scieur;BEL
4;1921;Louis Mottiat;BEL
5;1921;Louis Mottiat;BEL
6;1921;Hector Heusghem;BEL
7;1921;Louis Mottiat;BEL
8;1921;Luigi Lucotti;ITA
9;1921;Firmin Lambot;BEL
10;1921;Leon Scieur;BEL
11;1921;Félix Goethals;FRA
12;1921;Honoré Barthélemy;FRA
13;1921;Félix Sellier;BEL
14;1921;Félix Goethals;FRA
15;1921;Félix Goethals;FRA
1;1920;Louis Mottiat;BEL
2;1920;Philippe Thys;BEL
3;1920;Henri Pélissier;FRA
4;1920;Henri Pélissier;FRA
5;1920;Firmin Lambot;BEL
6;1920;Firmin Lambot;BEL
7;1920;Jean Rossius;BEL
8;1920;Louis Heusghem;BEL
9;1920;Philippe Thys;BEL
10;1920;Hector Heusghem;BEL
11;1920;Léon Scieur;BEL
12;1920;Philippe Thys;BEL
13;1920;Philippe Thys;BEL
14;1920;Félix Goethals;FRA
15;1920;Jean Rossius;BEL
1;1919;Jean Rossius;BEL
2;1919;Henri Pélissier;FRA
3;1919;Francis Pélissier;FRA
4;1919;Jean Alavoine;FRA
5;1919;Jean Alavoine;FRA
6;1919;Honore Barthelemy;FRA
7;1919;Jean Alavoine;FRA
8;1919;Jean Alavoine;FRA
9;1919;Honoré Barthélemy;FRA
10;1919;Honoré Barthélemy;FRA
11;1919;Honoré Barthélemy;FRA
12;1919;Luigi Lucotti;ITA
13;1919;Luigi Lucotti;ITA
14;1919;Firmin Lambot;BEL
15;1919;Jean Alavoine;FRA
1;1914;Philippe Thys;BEL
2;1914;Jean Rossius;BEL
3;1914;Emile Engel;FRA
4;1914;Oscar Egg;SUI
5;1914;Oscar Egg;SUI
6;1914;Firmin Lambot;BEL
7;1914;Jean Alavoine;FRA
8;1914;Octave Lapize;FRA
9;1914;Jean Rossius;BEL
10;1914;Henri Pélissier;FRA
11;1914;Gustave Garrigou;FRA
12;1914;Henri Pélissier;FRA
13;1914;François Faber;LUX
14;1914;François Faber;LUX
15;1914;Henri Pélissier;FRA
1;1913;Giovanni Micheletto;ITA
2;1913;Jules Masselis;BEL
3;1913;Henri Pelissier;FRA
4;1913;Marcel Buysse;BEL
5;1913;Henri Van Lerberghe;BEL
6;1913;Philippe Thys;BEL
7;1913;Marcel Buysse;BEL
8;1913;Gustave Garrigou;FRA
9;1913;Firmin Lambot;BEL
10;1913;Francois Faber;LUX
11;1913;Marcel Buysse;BEL
12;1913;Marcel Buysse;BEL
13;1913;François Faber;LUX
14;1913;Marcel Buysse;BEL
15;1913;Marcel Buysse;BEL
1;1912;Charles Crupelandt;FRA
2;1912;Odile Defraye;BEL
3;1912;Eugène Christophe;FRA
4;1912;Eugène Christophe;FRA
5;1912;Eugène Christophe;FRA
6;1912;Octave Lapize;FRA
7;1912;Odile Defraye;BEL
8;1912;Vicenzo Borgarello;ITA
9;1912;Odile Defraye;BEL
10;1912;Louis Mottiat;BEL
11;1912;Jean Alavoine;FRA
12;1912;Louis Heusghem;BEL
13;1912;Jean Alavoine;FRA
14;1912;Vicenzo Borgarello;ITA
15;1912;Jean Alavoine;FRA
1;1911;Gustave Garrigou;FRA
2;1911;Jules Masselis;BEL
3;1911;François Faber;LUX
4;1911;Charles Crupelandt;FRA
5;1911;Émile Georget;FRA
6;1911;François Faber;LUX
7;1911;Charles Crupelandt;FRA
8;1911;Paul Duboc;FRA
9;1911;Paul Duboc;FRA
10;1911;Maurice Brocco[n 2];FRA
11;1911;Paul Duboc;FRA
12;1911;Marcel Godivier;FRA
13;1911;Gustave Garrigou;FRA
14;1911;Paul Duboc;FRA
15;1911;Marcel Godivier;FRA
1;1910;Charles Crupelandt;FRA
2;1910;François Faber;LUX
3;1910;Emile Georget;FRA
4;1910;François Faber;LUX
5;1910;Octave Lapize;FRA
6;1910;Julien Maitron;FRA
7;1910;François Faber;LUX
8;1910;Georges Paulmier;FRA
9;1910;Octave Lapize;FRA
10;1910;Octave Lapize;FRA
11;1910;Ernest Paul;FRA
12;1910;Louis Trousselier;FRA
13;1910;Gustave Garrigou;FRA
14;1910;Octave Lapize;FRA
15;1910;Ernesto Azzini;ITA
1;1909;Cyrille van Hauwaert;BEL
2;1909;François Faber;LUX
3;1909;François Faber;LUX
4;1909;François Faber;LUX
5;1909;François Faber;LUX
6;1909;François Faber;LUX
7;1909;Ernest Paul;FRA
8;1909;Jean Alavoine;FRA
9;1909;Constant Ménager;FRA
10;1909;François Faber;LUX
11;1909;Louis Trousselier;FRA
12;1909;Gustave Garrigou;FRA
13;1909;Paul Duboc;FRA
14;1909;Jean Alavoine;FRA
1;1908;Georges Passerieu;FRA
2;1908;Lucien Petit-Breton;FRA
3;1908;François Faber;LUX
4;1908;François Faber;LUX
5;1908;Georges Passerieu;FRA
6;1908;Jean-Baptiste Dortignacq;FRA
7;1908;Lucien Petit-Breton;FRA
8;1908;François Faber;LUX
9;1908;Lucien Petit-Breton;FRA
10;1908;Georges Paulmier;FRA
11;1908;Lucien Petit-Breton;FRA
12;1908;François Faber;LUX
13;1908;Georges Passerieu;FRA
14;1908;Lucien Petit-Breton;FRA
1;1907;Louis Trousselier;FRA
2;1907;Emile Georget[n 2] Louis Trousselier[n 2];"c(""FRA"", ""FRA"")"
3;1907;Emile Georget;FRA
4;1907;Marcel Cadolle;FRA
5;1907;Emile Georget;FRA
6;1907;Georges Passerieu;FRA
7;1907;Emile Georget;FRA
8;1907;Emile Georget;FRA
9;1907;Lucien Petit-Breton;FRA
10;1907;Gustave Garrigou;FRA
11;1907;Lucien Petit-Breton;FRA
12;1907;Gustave Garrigou;FRA
13;1907;Emile Georget;FRA
14;1907;Georges Passerieu;FRA
1;1906;Emile Georget;FRA
2;1906;René Pottier;FRA
3;1906;René Pottier;FRA
4;1906;René Pottier;FRA
5;1906;René Pottier;FRA
6;1906;Georges Passerieu;FRA
7;1906;Louis Trousselier;FRA
8;1906;Jean-Baptiste Dortignacq;FRA
9;1906;Louis Trousselier;FRA
10;1906;Louis Trousselier;FRA
11;1906;Louis Trousselier;FRA
12;1906;Georges Passerieu;FRA
13;1906;René Pottier;FRA
1;1905;Louis Trousselier;FRA
2;1905;Hippolyte Aucouturier;FRA
3;1905;Louis Trousselier;FRA
4;1905;Hippolyte Aucouturier;FRA
5;1905;Louis Trousselier;FRA
6;1905;Jean-Baptiste Dortignacq;FRA
7;1905;Louis Trousselier;FRA
8;1905;Hippolyte Aucouturier;FRA
9;1905;Louis Trousselier;FRA
10;1905;Jean-Baptiste Dortignacq;FRA
11;1905;Jean-Baptiste Dortignacq;FRA
1;1904;Maurice Garin;FRA
2;1904;Hippolyte Aucouturier;FRA
3;1904;Hippolyte Aucouturier;FRA
4;1904;Lucien Pothier;FRA
5;1904;Hippolyte Aucouturier;FRA
6;1904;Hippolyte Aucouturier;FRA
1;1903;Maurice Garin;FRA
2;1903;Hippolyte Aucouturier;FRA
3;1903;Hippolyte Aucouturier;FRA
4;1903;Charles Laeser;SUI
5;1903;Maurice Garin;FRA
6;1903;Maurice Garin;FRA
;;;
;;;
;;;
;;;
;;;
;;;
;;;
;;;
;;;
;;;
;;;
;;;
;;;
;;;
;;;
;;;
;;;
;;;
;;;
;;;
;;;
;;;
;;;
;;;
;;;
;;;
;;;
;;;
;;;
;;;
;;;
;;;
;;;
;;;
;;;
;;;
;;;
;;;
;;;
;;;
;;;
;;;
;;;
;;;
;;;
;;;
;;;
;;;
;;;
;;;
;;;
;;;
;;;
;;;
;;;
;;;
;;;
;;;
;;;
;;;
;;;
;;;
;;;
;;;
;;;
;;;
;;;
;;;
;;;
;;;
;;;
;;;
;;;
;;;
;;;
;;;
;;;
;;;
;;;
;;;
;;;
;;;
;;;
;;;
;;;
;;;
;;;
;;;
;;;
;;;
;;;
;;;
;;;
;;;
;;;
;;;
;;;
;;;
;;;
;;;
;;;
;;;
;;;
;;;
;;;
;;;
;;;
;;;
;;;
;;;
;;;
;;;
;;;
;;;
;;;
;;;
;;;
;;;
;;;
;;;
;;;
;;;
;;;
;;;
;;;
;;;
;;;
;;;
;;;
;;;
;;;
